new menu,bench marks,,,
TMB/PBM/DCBM'S ,Bench marks digitised.dwg,bench marks.pdf,PBM.xls,
new menu,hydraulic,,,
KM 2.600 TO KM 5.850,KM 2.600 TO KM 5.850.dwg,KM 2.600 TO KM 5.850-Model.pdf,,
KM 5.850 TO 10.725,KM 5.850 TO 10.725.dwg,KM 5.850 TO 10.725-Model.pdf,,
KM 10.725 TO 10.750,KM 10.725 TO 10.750.dwg,KM 10.725 TO 10.750-Model.pdf,,
KM 10.750 TO 15.625,KM 10.750 TO 15.625.dwg,KM 10.750 TO 15.625-Model.pdf,,
KM 15.625 TO KM 15.400-15.650,KM 15.625 TO KM 15.400-15.650.dwg,KM 15.625 TO KM 15.400-15.650-Model.pdf,,
KM 15.650 TO KM 18.650,KM 15.650 TO KM 18.650.dwg,KM 15.650 TO KM 18.650-Model.pdf,,
KM 18.650 TO KM 19.100,KM 18.650 TO KM 19.100.dwg,KM 18.650 TO KM 19.100-Model.pdf,,
KM 19.100 TO KM 21.700,KM 19.100 TO KM 21.700.dwg,KM 19.100 TO KM 21.700-Model.pdf,,
KM 21.700 TO KM 21.725,KM 21.700 TO KM 21.725.dwg,KM 21.700 TO KM 21.725-Model.pdf,,
KM 21.725 TO KM 22.575,KM 21.725 TO KM 22.575.dwg,KM 21.725 TO KM 22.575-Model.pdf,,
KM 22.575 TO KM 22.600,KM 22.575 TO KM 22.600.dwg,KM 22.575 TO KM 22.600-Model.pdf,,
KM 22.600 TO KM 24.200,KM 22.600 TO KM 24.200.dwg,KM 22.600 TO KM 24.200-Model.pdf,,
KM 24.200 TO KM 24.225,KM 24.200 TO KM 24.225.dwg,KM 24.200 TO KM 24.225-Model.pdf,,
KM 24.225 TO KM 24.300,KM 24.225 TO KM 24.300.dwg,KM 24.225 TO KM 24.300-Model.pdf,,
KM 24.300 TO KM 24.325,KM 24.300 TO KM 24.325.dwg,KM 24.300 TO KM 24.325-Model.pdf,,
KM 24.325 TO KM 25.025,KM 24.325 TO KM 25.025.dwg,KM 24.325 TO KM 25.025-Model.pdf,,
KM 25.025 TO KM 25.050,KM 25.025 TO KM 25.050.dwg,KM 25.025 TO KM 25.050-Model.pdf,,
KM 25.050 TO KM 29.850,KM 25.050 TO KM 29.850.dwg,KM 25.050 TO KM 29.850-Model.pdf,,
KM 29.850 TO KM 29.875,KM 29.850 TO KM 29.875.dwg,KM 29.850 TO KM 29.875-Model.pdf,,
KM 29.875 TO KM 30.525,KM 29.875 TO KM 30.525.dwg,KM 29.875 TO KM 30.525-Model.pdf,,
KM 30.525 TO KM 30.550,KM 30.525 TO KM 30.550.dwg,KM 30.525 TO KM 30.550-Model.pdf,,
KM 30.550 TO KM 31.150,KM 30.550 TO KM 31.150.dwg,KM 30.550 TO KM 31.150-Model.pdf,,
KM 31.150 TO KM 31.175,KM 31.150 TO KM 31.175.dwg,KM 31.150 TO KM 31.175-Model.pdf,,
KM 31.175 TO KM 32.300,KM 31.175 TO KM 32.300.dwg,KM 31.175 TO KM 32.300-Model.pdf,,
KM 32.300 TO KM 32.325,KM 32.300 TO KM 32.325.dwg,KM 32.300 TO KM 32.325-Model.pdf,,
KM 32.325 TO KM 33.875,KM 32.325 TO KM 33.875.dwg,KM 32.325 TO KM 33.875-Model.pdf,,
KM 33.875 TO KM 33.900,KM 33.875 TO KM 33.900.dwg,KM 33.875 TO KM 33.900-Model.pdf,,
KM 33.900 TO KM 34.600,KM 33.900 TO KM 34.600.dwg,KM 33.900 TO KM 34.600-Model.pdf,,
KM 34.600 TO KM 34.625,KM 34.600 TO KM 34.625.dwg,KM 34.600 TO KM 34.625-Model.pdf,,
KM 34.625 TO KM 36.375,KM 34.625 TO KM 36.375.dwg,KM 34.625 TO KM 36.375-Model.pdf,,
KM 36.375 TO KM 36.400,KM 36.375 TO KM 36.400.dwg,KM 36.375 TO KM 36.400-Model.pdf,,
KM 36.400 TO KM 37.400,KM 36.400 TO KM 37.400.dwg,KM 36.400 TO KM 37.400-Model.pdf,,
KM 37.400 TO KM 37.425,KM 37.400 TO KM 37.425.dwg,KM 37.400 TO KM 37.425-Model.pdf,,
KM 37.425 TO KM 41.575,KM 37.425 TO KM 41.575.dwg,KM 37.425 TO KM 41.575-Model.pdf,,
KM 41.575 TO KM 42.200,KM 41.575 TO KM 42.200.dwg,KM 41.575 TO KM 42.200-Model.pdf,,
KM 42.200 TO KM 42.875-43.000,KM 42.200 TO KM 42.875-43.000.dwg,KM 42.200 TO KM 42.875-43.000-Model.pdf,,
KM 43.000 TO 45.125-45.000,KM 43.000 TO 45.125-45.000.dwg,KM 43.000 TO 45.125-45.000-Model.pdf,,
new menu,structures,,,
OUT LET AT KM 2.600 (JUNCTION WALL),2.600-3000.DWG,,2.600-3.000.JPG,2.802.xlsx
IN LET ATKM 4.500(875),4.875.DWG,,4.875.JPG,
IN LET AT KM 8.240,8.240.DWG,,8.240.JPG,8.240.xlsx
U.T AT KM 11.740,11.740.dwg,,11.740.jpg,11.740.xlsx
U.T AT KM 11.740,11.740 (1).dwg,,11.740 (1).jpg,
S.L.B AT KM 12.679,12.679.dwg,,12.679.jpg,12.679.xlsx
S.L.B AT KM 12.679,12.679 (1).dwg,,12.679 (1).jpg,
U.T AT KM 13.740 (780),13.780.dwg,,13.780.jpg,13.780.xlsx
U.T AT KM 13.740 (780),13.780 (1).dwg,,13.780 (1).jpg,
U.T AT KM 13.740 (780),13.780 (2).dwg,,13.780 (2).jpg,
C.B AT KM 14.920,14.920.dwg,,14.920.tif,
C.B AT KM 14.920,14.920-1.DWG,,14.920-1.tif,
C.B AT KM 14.920,14.920-2.dwg,,14.920-2.tif,
U.T AT KM 15.365 (930),15.930.dwg,,15.930.jpg,15.930.xlsx
U.T AT KM 15.365 (930),15.930 (1).dwg,,15.930 (1).jpg,
S.L.B AT KM 16.010,16.010.dwg,,16.010.jpg,16.010.xlsx
S.L.B AT KM 16.010,16.010 (1).dwg,,16.010 (1).jpg,
U.T AT KM 16.755,16.755.dwg,,16.755.jpg,16.755.xlsx
U.T AT KM 16.755,16.755 (1).dwg,,16.755 (1).jpg,
U.T AT KM 16.755,16.755 (2).dwg,,16.755 (2).jpg,
C.B AT KM 18.212,18.212.dwg,,18.212.jpg,18.212.xlsx
C.B AT KM 18.212,18.212 (1).dwg,,18.212 (1).jpg,
C.B AT KM 18.212,18.212 (2).dwg,,18.212 (2).jpg,
CROSS REGULATOR CUM ESCAPE AT KM 18.400,18.400.dwg,,18.400.jpg,18.400.xlsx
CROSS REGULATOR CUM ESCAPE AT KM 18.400,18.400 (1).DWG,,18.400 (1).jpg,
IN LET AT KM 19.375,19.375.DWG,,19.375.JPG,19.375.xlsx
IN LET AT KM 20.400,20.400.DWG,,20.400.JPG,20.400.xlsx
IN LET AT KM 20.690,20.690.DWG,,20.690.JPG,20.690.xlsx
IN LET AT KM 21.400 (490),21.490.DWG,,21.490.JPG,21.490.xlsx
IN LET AT KM 23.381,23.381.DWG,,23.381.JPG,23.381.xlsx
C.B  AT KM 25.300,25.300.dwg,,25.300.tif,
C.B  AT KM 25.300,25.300-1.DWG,,25.300-1.tif,
C.B  AT KM 25.300,25.300-2.dwg,,25.300-2.tif,
U.T AT KM 26.214,26.214.dwg,,26.214.jpg,26.214.xlsx
U.T AT KM 26.692(673),26.692.dwg,,26.692.jpg,26.692.xlsx
U.T AT KM 27.023,27.023.dwg,,27.023.jpg,27.023.xlsx
S.L.B AT KM 27.248,27.248.dwg,,27.248.tif,27.248.xlsx
S.L.B AT KM 27.248,27.248-1.DWG,,27.248-1.tif,
U.T AT KM 27.677,27.677.dwg,,27.677.jpg,27.677.xlsx
U.T AT KM 29.650,29.650.dwg,,29.650.jpg,29.650.xlsx
U.T AT KM 29.650,29.650 (1).dwg,,29.650 (1).jpg,
S.L.B AT KM 29.850,29.850.dwg,,29.850.jpg,29.850.xlsx
F.C AT KM 32.200,32.200.dwg,,32.200.jpg,32.200.xlsx
U.T AT KM 32.950,32.950.dwg,,32.950.jpg,32.950.xlsx
S.P CUM S.L.B AT KM 33.825(775),33.775.dwg,,33.775.jpg,33.775.xlsx
S.P CUM S.L.B AT KM 33.825(775),33.825.DWG,,33.825.jpg,
U.T AT KM 35.390,35.390.dwg,,35.390.jpg,35.390.xlsx
U.T AT KM 35.390,35.390 (1).dwg,,35.390 (1).jpg,35.390(1).xlsx
U.T AT KM 35.390,35.390 (2).dwg,,35.390 (2).jpg,
U.T  AT KM 36.075,36.075.dwg,,36.075.jpg,36.075.xlsx
U.T  AT KM 36.075,36.075 (1).dwg,,36.075 (1).jpg,
U.T  AT KM 36.075,36.075 (2).dwg,,36.075 (2).jpg,
U.T AT KM 37.625(627),37.627.DWG,,37.625.jpg,37.625.xlsx
U.T AT KM 38.590(600),38.600.dwg,,38.600.jpg,38.600.xlsx
U.T AT KM 38.590(600),38.600 (1).dwg,,38.600 (1).jpg,
F.B AT KM 39.725,39.725.dwg,,39.725.tif,39.725.xlsx
F.B AT KM 39.725,39.725-1.dwg,,39.725-1.tif,
F.B AT KM 39.725,39.725-2.dwg,,39.725-2.tif,
U.T AT KM 40.845(925),40.925.dwg,,40.925.jpg,40.925.xlsx
U.T AT KM 40.845(925),40.925 (1).dwg,,40.925 (1).jpg,
U.T AT KM 40.845(925),40.925 (2).dwg,,40.925 (2).jpg,
S.L.B AT KM 41.475,41.475 (1).dwg,,41.475.jpg,41.475.xlsx
S.L.B AT KM 41.475,41.475.dwg,,41.475 (1).jpg,
S.L.B AT KM 43.125,43.125.dwg,,43.125.jpg,
S.L.B AT KM 43.125,43.125 (1).dwg,,43.125 (1).jpg,43.125.xlsx
U.T AT KM 43.445,43.445.dwg,,43.445.jpg,43.445.xlsx
OUT LET AT KM 43.500,43.500.dwg,,43.500.jpg,
OUT LET AT KM 43.500,43.500 (1).DWG,,43.500 (1).jpg,43.500.xlsx
OUT LET AT KM 43.500,43.500 (2).dwg,,43.500 (2).JPG,
OUT LET AT KM 43.500,43.500 (3).dwg,,43.500 (3).JPG,
OUT LET AT KM 43.500,43.500 (4).dwg,,43.500 (4).jpg,
OUT LET AT KM 43.500,43.500 (5).dwg,,43.500 (5).jpg,
OUT LET AT KM 43.500,43.500 (6).dwg,,43.500 (6).jpg,
IN LET AT KM 44.200,44.200.dwg,,44.200.jpg,44.200.xlsx
IN LET AT KM 44.200,44.200 (1).dwg,,44.200 (1).jpg,
IN LET AT KM 44.200,44.200 (2).dwg,,44.200 (2).jpg,
new menu,kmwise,,,
FROM KM. 0.000 TO KM. 1.000,FROM KM. 0.000 TO KM. 1.000.dwg,FROM KM. 0.000 TO KM. 1.000-Model.pdf,,
FROM KM. 1.000 TO KM. 2.000,FROM KM. 1.000 TO KM. 2.000.dwg,FROM KM. 1.000 TO KM. 2.000-Model.pdf,,
FROM KM. 2.000 TO KM. 3.000,FROM KM. 2.000 TO KM. 3.000.dwg,FROM KM. 2.000 TO KM. 3.000-Model.pdf,,
FROM KM. 3.000 TO KM. 4.000,FROM KM. 3.000 TO KM. 4.000.dwg,FROM KM. 3.000 TO KM. 4.000-Model.pdf,,
FROM KM. 4.000 TO KM. 5.000,FROM KM. 4.000 TO KM. 5.000.dwg,FROM KM. 4.000 TO KM. 5.000-Model.pdf,,
FROM KM. 5.000 TO KM. 6.000,FROM KM. 5.000 TO KM. 6.000.dwg,FROM KM. 5.000 TO KM. 6.000-Model.pdf,,
FROM KM. 6.000 TO KM. 7.000,FROM KM. 6.000 TO KM. 7.000.dwg,FROM KM. 6.000 TO KM. 7.000-Model.pdf,,
FROM KM. 7.000 TO KM. 8.000,FROM KM. 7.000 TO KM. 8.000.dwg,FROM KM. 7.000 TO KM. 8.000-Model.pdf,,
FROM KM. 8.000 TO KM. 9.000,FROM KM. 8.000 TO KM. 9.000.dwg,FROM KM. 8.000 TO KM. 9.000-Model.pdf,,
FROM KM. 9.000 TO KM. 10.000,FROM KM. 9.000 TO KM. 10.000.dwg,FROM KM. 9.000 TO KM. 10.000-Model.pdf,,
FROM KM. 10.000 TO KM. 11.000,FROM KM. 10.000 TO KM. 11.000.dwg,FROM KM. 10.000 TO KM. 11.000-Model.pdf,,
FROM KM. 11.000 TO KM. 12.000,FROM KM. 11.000 TO KM. 12.000.dwg,FROM KM. 11.000 TO KM. 12.000-Model.pdf,,
FROM KM. 12.000 TO KM. 13.000,FROM KM. 12.000 TO KM. 13.000.dwg,FROM KM. 12.000 TO KM. 13.000-Model.pdf,,
FROM KM. 13.000 TO KM. 14.000,FROM KM. 13.000 TO KM. 14.000.dwg,FROM KM. 13.000 TO KM. 14.000-Model.pdf,,
FROM KM. 14.000 TO KM. 15.000,FROM KM. 14.000 TO KM. 15.000.dwg,FROM KM. 14.000 TO KM. 15.000-Model.pdf,,
FROM KM. 15.000 TO KM. 16.000,FROM KM. 15.000 TO KM. 16.000.dwg,FROM KM. 15.000 TO KM. 16.000-Model.pdf,,
FROM KM. 16.000 TO KM. 17.000,FROM KM. 16.000 TO KM. 17.000.dwg,FROM KM. 16.000 TO KM. 17.000-Model.pdf,,
FROM KM. 17.000 TO KM. 18.000,FROM KM. 17.000 TO KM. 18.000.dwg,FROM KM. 17.000 TO KM. 18.000-Model.pdf,,
FROM KM. 18.000 TO KM. 19.000,FROM KM. 18.000 TO KM. 19.000.dwg,FROM KM. 18.000 TO KM. 19.000-Model.pdf,,
FROM KM. 19.000 TO KM. 20.000,FROM KM. 19.000 TO KM. 20.000.dwg,FROM KM. 19.000 TO KM. 20.000-Model.pdf,,
FROM KM. 20.000 TO KM. 21.000,FROM KM. 20.000 TO KM. 21.000.dwg,FROM KM. 20.000 TO KM. 21.000-Model.pdf,,
FROM KM. 21.000 TO KM. 22.000,FROM KM. 21.000 TO KM. 22.000.dwg,FROM KM. 21.000 TO KM. 22.000-Model.pdf,,
FROM KM. 22.000 TO KM. 23.000,FROM KM. 22.000 TO KM. 23.000.dwg,FROM KM. 22.000 TO KM. 23.000-Model.pdf,,
FROM KM. 23.000 TO KM. 24.000,FROM KM. 23.000 TO KM. 24.000.dwg,FROM KM. 23.000 TO KM. 24.000-Model.pdf,,
FROM KM. 24.000 TO KM. 25.000,FROM KM. 24.000 TO KM. 25.000.dwg,FROM KM. 24.000 TO KM. 25.000-Model.pdf,,
FROM KM. 25.000 TO KM. 26.000,FROM KM. 25.000 TO KM. 26.000.dwg,FROM KM. 25.000 TO KM. 26.000-Model.pdf,,
FROM KM. 26.000 TO KM. 27.000,FROM KM. 26.000 TO KM. 27.000.dwg,FROM KM. 26.000 TO KM. 27.000-Model.pdf,,
FROM KM. 27.000 TO KM. 28.000,FROM KM. 27.000 TO KM. 28.000.dwg,FROM KM. 27.000 TO KM. 28.000-Model.pdf,,
FROM KM. 28.000 TO KM. 29.000,FROM KM. 28.000 TO KM. 29.000.dwg,FROM KM. 28.000 TO KM. 29.000-Model.pdf,,
FROM KM. 29.000 TO KM. 30.000,FROM KM. 29.000 TO KM. 30.000.dwg,FROM KM. 29.000 TO KM. 30.000-Model.pdf,,
FROM KM. 30.000 TO KM. 31.000,FROM KM. 30.000 TO KM. 31.000.dwg,FROM KM. 30.000 TO KM. 31.000-Model.pdf,,
FROM KM. 31.000 TO KM. 32.000,FROM KM. 31.000 TO KM. 32.000.dwg,FROM KM. 31.000 TO KM. 32.000-Model.pdf,,
FROM KM. 32.000 TO KM. 33.000,FROM KM. 32.000 TO KM. 33.000.dwg,FROM KM. 32.000 TO KM. 33.000-Model.pdf,,
FROM KM. 33.000 TO KM. 34.000,FROM KM. 33.000 TO KM. 34.000.dwg,FROM KM. 33.000 TO KM. 34.000-Model.pdf,,
FROM KM. 34.000 TO KM. 35.000,FROM KM. 34.000 TO KM. 35.000.dwg,FROM KM. 34.000 TO KM. 35.000-Model.pdf,,
FROM KM. 35.000 TO KM. 36.000,FROM KM. 35.000 TO KM. 36.000.dwg,FROM KM. 35.000 TO KM. 36.000-Model.pdf,,
FROM KM. 36.000 TO KM. 37.000,FROM KM. 36.000 TO KM. 37.000.dwg,FROM KM. 36.000 TO KM. 37.000-Model.pdf,,
FROM KM. 37.000 TO KM. 38.000,FROM KM. 37.000 TO KM. 38.000.dwg,FROM KM. 37.000 TO KM. 38.000-Model.pdf,,
FROM KM. 38.000 TO KM. 39.000,FROM KM. 38.000 TO KM. 39.000.dwg,FROM KM. 38.000 TO KM. 39.000-Model.pdf,,
FROM KM. 39.000 TO KM. 40.000,FROM KM. 39.000 TO KM. 40.000.dwg,FROM KM. 39.000 TO KM. 40.000-Model.pdf,,
FROM KM. 40.000 TO KM. 41.000,FROM KM. 40.000 TO KM. 41.000.dwg,FROM KM. 40.000 TO KM. 41.000-Model.pdf,,
FROM KM. 41.000 TO KM. 42.000,FROM KM. 41.000 TO KM. 42.000.dwg,FROM KM. 41.000 TO KM. 42.000-Model.pdf,,
FROM KM. 42.000 TO KM. 43.000,FROM KM. 42.000 TO KM. 43.000.dwg,FROM KM. 42.000 TO KM. 43.000-Model.pdf,,
FROM KM. 43.000 TO KM. 44.000,FROM KM. 43.000 TO KM. 44.000.dwg,FROM KM. 43.000 TO KM. 44.000-Model.pdf,,
FROM KM. 44.000 TO KM. 45.125,FROM KM. 44.000 TO KM. 45.125.dwg,FROM KM. 44.000 TO KM. 45.125-Model.pdf,,
new menu,village maps,,,
KAKIVOYA,KAKIVOYA.dwg,KAKIVOYA.pdf,,
BADDEVOLU,BADDEVOLU.dwg,BADDEVOLU.PDF,,
BRAHMANAPALLE,BRAHMANAPALLE.dwg,BRAHMANAPALLE.PDF,,
CHEPINAPI,CHEPINAPI.dwg,CHEPINAPI.PDF,,
CHINTALAPALEM,CHINTALAPALEM.dwg,CHINTALAPALEM.PDF,,
CHINTALAMAKURU,CHINTALAMAKURU.dwg,CHINTALAMAKURU.PDF,,
DACHURU,DACHURU.dwg,DACHURU.PDF,,
ISKAPALLE,ISKAPALLE.dwg,ISKAPALLE.PDF,,
KALUVAYA,KALUVAYA.dwg,KALUVAYA.PDF,,
KANUPURUPALLE,KANUPURUPALLE.dwg,KANUPURUPALLE.PDF,,
KESAMANENIPALLE,KESAMANENIPALLE.dwg,KESAMANENIPALLE.PDF,,
KULLURU,KULLURU.dwg,KULLURU.PDF,,
MADANAGARIAPALLE,MADANAGARIAPALLE.dwg,MADANAGARIPALLE.PDF,,
NUKANAPALLE,NUKANAPALLE.dwg,NUKANAPALLE.PDF,,
PALLAKONDA,PALLAKONDA.dwg,PALLAKONDA.PDF,,
SOMASILA,SOMASILA.dwg,SOMASILA.pdf,,
THOPUGUNTA,THOPUGUNTA.dwg,THOPUGUNTA.pdf,,
UYYALAPALLE,UYYALAPALLE.dwg,UYYALAPALLE.PDF,,
VANDLURU,VANDLURU.dwg,VANDLURU.PDF,,
new menu,village,,,
FOREST,FOREST.dwg,FOREST-Model.pdf,,
KULLURU,KULLURU.dwg,KULLURU-Model.pdf,,
MADANNAGARI PALLE,MADANNAGARI PALLE.dwg,MADANNAGARI PALLE-Model.pdf,,
CHINTALAPALEM,CHINTALAPALEM.dwg,CHINTALAPALEM-Model.pdf,,
UYYALAPALLE,UYYALAPALLE.dwg,UYYALAPALLE-Model.pdf,,
KALUVAYA,KALUVAYA.dwg,KALUVAYA-Model.pdf,,
TOPUGUNTA,TOPUGUNTA.dwg,TOPUGUNTA-Model.pdf,,
KAKIVAYA,KAKIVAYA.dwg,KAKIVAYA-Model.pdf,,
CHIPINAPI,CHIPINAPI.dwg,CHIPINAPI-Model.pdf,,
PALLAKONDA,PALLAKONDA.dwg,PALLAKONDA-Model.pdf,,
KESAMANENI PALLE,KESAMANENI PALLE.dwg,KESAMANENI PALLE-Model.pdf,,
KANUPURU PALLE,KANUPURU PALLE.dwg,KANUPURU PALLE-Model.pdf,,
DACHURU,DACHURU.dwg,DACHURU-Model.pdf,,
new menu,custom menu,,,
Base Cum Site Map,,Auto cad MAP,SKFF Site map 0.000 TO 45.125.dwg,
Base Cum Site Map,,PDF Image,SKFF Site map 0.000 TO 45.125.pdf,
